name,symbol,slug
NEAR Protocol,NEAR,near-protocol
Internet Computer,ICP,internet-computer
Artificial Superintelligence Alliance,FET,artificial-superintelligence-alliance
Render,RENDER,render
Bittensor,TAO,bittensor
The Graph,GRT,the-graph
Theta Network,THETA,theta-network
DeXe,DEXE,dexe
AIOZ Network,AIOZ,aioz-network
Turbo,TURBO,turbo
Golem,GLM,golem-network-tokens
Aethir,ATH,aethir
io.net,IO,io-net
Arkham,ARKM,arkham
OriginTrail,TRAC,origintrail
Flux,FLUX,zel
Qubic,QUBIC,qubic
Destra Network,DSYNC,destra-network
Arcblock,ABT,arcblock
Kadena,KDA,kadena
Casper,CSPR,casper
Zignaly,ZIG,zigcoin
Ozone Chain,OZO,ozone-chain
RSS3,RSS3,rss3
0x0.ai,0x0,0x0-ai-ai-smart-contract
Delysium,AGI,delysium
iExec RLC,RLC,rlc
Numeraire,NMR,numeraire
inSure DeFi,SURE,insure
Marlin,POND,marlin
Nosana,NOS,nosana
IQ,IQ,iq
Sleepless AI,AI,sleepless-ai
dKargo,DKA,dkargo
Solidus Ai Tech,AITECH,solidus-ai-tech
Phala Network,PHA,phala-network
Hooked Protocol,HOOK,hooked-protocol
Oraichain,ORAI,oraichain-token
NetMind Token,NMT,netmind-token
Phoenix,PHB,phoenix-global-new
CUDOS,CUDOS,cudos
NFPrompt,NFP,nfprompt
Artificial Liquid Intelligence,ALI,alethea-artificial-liquid-intelligence-token
LimeWire,LMWR,limewire
TokenFi,TOKEN,tokenfi
Forta,FORT,forta
PlatON,LAT,platon
Dimitra,DMTR,dimitra
Streamr,DATA,streamr
DecideAI,DCD,decideai
DIA,DIA,dia
Aleph.im,ALEPH,aleph-im
Cortex,CTXC,cortex
PaLM AI,PALM,palm-ai
Victoria VR,VR,victoria-vr
Verasity,VRA,verasity
Virtuals Protocol,VIRTUAL,virtual-protocol
SelfKey,KEY,selfkey
LinqAI,LNQ,linqai
Sentinel Protocol,UPP,sentinel-protocol
Measurable Data Token,MDT,measurable-data-token
SIDUS,SIDUS,sidus
Numbers Protocol,NUM,numbers-protocol
PARSIQ,PRQ,parsiq
SingularityDAO,SDAO,singularitydao
Graphlinq Chain,GLQ,graphlinq-protocol
Vectorspace AI,VXV,vectorspace-ai
Agoras: Currency of Tau,AGRS,agoras-tokens
Cere Network,CERE,cere-network
OORT,OORT,oortech
GT Protocol,GTAI,gt-protocol
AIT Protocol,AIT,ait-protocol
Botto,BOTTO,botto
iMe Lab,LIME,ime-lab
zKML,ZKML,zkml
Only1,LIKE,only1
NuNet,NTX,nunet
Zero1 Labs,DEAI,zero1-labs
Commune AI,COMAI,commune-ai
QnA3.AI,GPT,qna3ai
Apeiron,APRS,apeiron
SPECTRE AI,SPECTRE,spectre-ai
Lumerin,LMR,lumerin
HyperGPT,HGPT,hypergpt
Ooki Protocol,OOKI,ooki-protocol
DeepBrain Chain,DBC,deepbrain-chain
Atlas Navi,NAVI,atlas-navi
GameGPT,DUEL,duel
Openfabric AI,OFN,openfabric-ai
Three Protocol Token,THREE,three-protocol-token
HotKeySwap,HOTKEY,hotkeyswap
DexCheck AI,DCK,dexcheck
Matrix AI Network,MAN,matrix-ai-network
TRVL,TRVL,trvl
Step App,FITFI,step-app
Ta-da,TADA,ta-da
Insights Network,INSTAR,insights-network
Crypto-AI-Robo.com,CAIR,crypto-ai-robo
Phantasma,SOUL,phantasma
PIBBLE,PIB,pibble
Nuco.cloud,NCDT,nuco-cloud
Big Data Protocol,BDP,big-data-protocol
Bad Idea AI,BAD,bad-idea-ai
bitsCrunch,BCUT,bitscrunch
AIPAD,AIPAD,aipad
Netvrk,NETVR,netvrk
Optimus AI,OPTI,optimus-ai
Swash,SWASH,swash
FABRK,FAB,fabrk
Omax Coin,OMAX,omax-token
Robonomics.network,XRT,robonomics-network
Covalent,CQT,covalent
imgnAI,IMGNAI,image-generation-ai
Bridge Oracle,BRG,bridge-oracle
SENATE,SENATE,senate
UnMarshal,MARSH,unmarshal
Presearch,PRE,presearch
TypeAI,TYPE,typeai
Edge Matrix Computing,EMC,edge-matrix-computing
Lossless,LSS,lossless
Cogito Finance,CGV,cogito-protocol
Mozaic,MOZ,mozaic
Lambda,LAMB,lambda
Morpheus Infrastructure Node,MIND,morpheus-labs-v2
AXIS Token,AXIS,axis-token
AIgentX,AIX,aigentx
Ispolink,ISP,ispolink
PolkaBridge,PBR,polkabridge
Mobilian Coin,MBN,mobilian-coin
ClinTex CTi,CTI,clintex-cti
Effect AI,EFX,effect-ai
Lush AI,LUSH,lush-ai
MBD Financials,MBD,mbd-financials
ROOBEE,ROOBEE,roobee
Chirpley,CHRP,chirpley
B-cube.ai,BCUBE,b-cube-ai
Dock,DOCK,dock
PureFi Protocol,UFI,purefi-protocol
DxChain Token,DX,dxchain-token
Neurahub,NEURA,neurahub
CryptoPing,PING,cryptoping
WAM,WAM,wam-app
Dotmoovs,MOOV,dotmoovs
LBRY Credits,LBC,library-credits
TrustVerse,TRV,trustverse
GNY,GNY,gny
Lithium,LITH,lithium
ApeBond,ABOND,apebond
Idena,IDNA,idena
GoCrypto Token,GOC,gocrypto-token
TRAVA.FINANCE,TRAVA,trava-finance
XMON,XMON,xmon
ProChain,PRA,prochain
Bird.Money,BIRD,bird-money
Aimedis (new),AIMX,aimedis-new
Cirus Foundation,CIRUS,cirus-foundation
aiRight,AIRI,airight
Metaverse Face,MEFA,metaverse-face
MineBee,MB,minebee
Neurashi,NEI,neurashi
Gemach,GMAC,gemach
Artisse,CATHEON,catheon-gaming
All In,ALLIN,all-in
UTU Protocol,UTU,utu-protocol
BullBear AI,AIBB,bullbear-ai
Cryptoindex.com 100,CIX100,cryptoindex-com-100
Link Machine Learning,LML,link-machine-learning
Ties.DB,TIE,tiesdb
Ojamu,OJA,ojamu
Anchor Neural World,ANW,anchor-neural-world
Arcona,ARCONA,arcona
MetamonkeyAi,MMAI,metamonkeyai
OceanEx Token,OCE,oceanex-token
Raze Network,RAZE,raze-network
Datum,DAT,datum
BitClave,CAT,bitclave
Leadcoin,LDC,leadcoin
Triall,TRL,triall
YFDAI.FINANCE,YF-DAI,yfdai-finance
AdHive,ADH,adhive
SophiaTX,SPHTX,sophiatx
Elamachain,ELAMA,elamachain
Aitra,AITRA,aitra
Davinci Coin,DAC,davinci-coin
Pawtocol,UPI,pawtocol
Ubex,UBEX,ubex
AI Doctor,AIDOC,aidoc
DATx,DATX,datx
Connectome,CNTM,connectome
POLY AI,AI,poly-ai
Aventis Metaverse,AVTM,aventis-metaverse
Dtec,DTEC,dtec-token
Octavia AI,VIA,octavia
VirtuSwap,VRSW,virtuswap
BuildAI,BUILD,buildai
Acria.AI,ACRIA,acria
MultiDEX AI,MDX,multidex-ai
AlphaKEK.AI,AIKEK,alphakek-ai
KWAI,KWAI,kwai-labs
Mind,MND,mind
VectorChat.ai,CHAT,vectorchat-ai
Oracle AI,ORACLE,oracle-ai
Neuroni AI,NEURONI,neuroni-ai
InspireAI,INSP,inspireai
AI PIN,AI,ai-pin
Website AI,WEBAI,website-ai
LNDRY,LNDRY,lndry
AstraAI,ASTRA,astraai
Black Rabbit AI,BRAIN,black-rabbit-ai
Grow Token,GROW,grow-token
PaladinAI,PALAI,paladinai
Vuzz AI,VUZZ,vuzz-mind
McPepe's,PEPES,mcpepes
BurnifyAI,BURNIFYAI,burnifyai
Ring AI,RING,ring-ai
AITK,AITK,aitk
AI Network,AIN,ai-network
LayerAI,LAI,cryptogpt
VEROX,VRX,verox
Cipher Protocol,CIPHER,cipher-protocol
Roko,ROKO,roko
infraX,INFRA,infrax
Chat AI,AI,chat-ai
Next Gem AI,GEMAI,the-next-gem
AlphaRush AI,rushAI,alpharush
NeuralAI,NEURAL,neuralai
Uberstate RIT 2.0,RIT20,uberstate-inc
Acria.AI AIMARKET,AIMARKET,acria-ai-aimarket
Liza,LIZA,liza
Y8U,Y8U,y8u
Eternal AI,EAI,eternalai-org
AlphaScan AI,ASCN,alphascan
enqAI,enqAI,noisegpt
XANA,XETA,xana-new
Spectral,SPEC,spectral
Midway AI,MIDAI,midway-ai
Trace Network Labs,TRACE,trace-network-labs
inheritance Art,IAI,inheritance-art
Autonolas,OLAS,autonolas
Release Project,REL,release-project
KAELA Network,KAE,kaela-network
Quadency,QUAD,quadency
Jackal Protocol,JKL,jackal-protocol
Immutable,IMX,immutable-x
FLOKI,FLOKI,floki-inu
Notcoin,NOT,notcoin
Beam,BEAM,onbeam
MultiversX,EGLD,multiversx-egld
Axie Infinity,AXS,axie-infinity
Gala,GALA,gala
The Sandbox,SAND,the-sandbox
BinaryX,BNX,binaryx-new
Decentraland,MANA,decentraland
Ronin,RON,ronin
ApeCoin,APE,apecoin-ape
SuperVerse,SUPER,superfarm
WEMIX,WEMIX,wemix
Baby Doge Coin,BabyDoge,baby-doge-coin
GMT,GMT,green-metaverse-token
Echelon Prime,PRIME,echelon-prime
Enjin Coin,ENJ,enjin-coin
Saga,SAGA,saga
Big Time,BIGTIME,big-time
SKALE,SKL,skale-network
Illuvium,ILV,illuvium
Chromia,CHR,chromia
Gomining,Gomining,gomining-token
Pixels,PIXEL,pixels
Yield Guild Games,YGG,yield-guild-games
Kadena,KDA,kadena
Decentral Games [Old],DG,decentral-games-old
WAX,WAXP,wax
Zentry,ZENT,zentry
Treasure,MAGIC,magic-token
Matr1x Fire,FIRE,matr1x-fire
Mines of Dalarnia,DAR,mines-of-dalarnia
Fusionist,ACE,fusionist
BORA,BORA,bora
Portal,PORTAL,portal-gaming
Hooked Protocol,HOOK,hooked-protocol
Nakamoto Games,NAKA,nakamoto-games
BakeryToken,BAKE,bakerytoken
XPLA,XPLA,xpla
Seedify.fund,SFUND,seedify-fund
MyNeighborAlice,ALICE,myneighboralice
Hashflow,HFT,hashflow
CUDOS,CUDOS,cudos
Wilder World,WILD,wilder-world
Undeads Games,UDS,undeads-games
Gods Unchained,GODS,gods-unchained
MOBOX,MBOX,mobox
RACA,RACA,radio-caca
Reef,REEF,reef
Myria,MYRIA,myria
Heroes of Mavia,MAVIA,heroes-of-mavia
Sweat Economy,SWEAT,sweat-economy
Alien Worlds,TLM,alien-worlds
GamerCoin,GHX,gamercoin
Aavegotchi,GHST,aavegotchi
Pirate Nation,PIRATE,pirate-nation
Ultiverse,ULTI,ultiverse
Star Atlas DAO,POLIS,star-atlas-polis
Matr1x,MAX,matr1x
VIDT DAO,VIDT,vidt-dao
League of Kingdoms Arena,LOKA,league-of-kingdoms
FUNToken,FUN,funtoken
Biswap,BSW,biswap
Star Atlas,ATLAS,star-atlas
Victoria VR,VR,victoria-vr
Verasity,VRA,verasity
Ultra,UOS,ultra
Voxies,VOXEL,voxies
KARRAT,KARRAT,karrat
Games for a Living,GFAL,games-for-a-living
COMBO,COMBO,combo-network
PlayDapp,PDA,playdapp
GameFi.org,GAFI,gamefi
SIDUS,SIDUS,sidus
Zukiverse,ZUKI,zuki-moba
GameStop,GME,gme
The Root Network,ROOT,the-root-network
BurgerCities,BURGER,burger-cities
ZTX,ZTX,ztx
Guild of Guardians,GOG,guild-of-guardians
Moon Tropica,CAH,moon-tropica
Cornucopias,COPI,cornucopias
Cere Network,CERE,cere-network
MON Protocol,MON,mon
Creo Engine,CREO,creo-engine
GAMEE,GMEE,gamee
Altura,ALU,altura
Aurory,AURY,aurory
zkRace,ZERC,derace
DeFi Kingdoms,JEWEL,defi-kingdoms
Gaimin,GMRX,gaimin
Katana Inu,KATA,katana-inu
WAGMI Games,WAGMIGAMES,wagmi-game-2
Apeiron,APRS,apeiron
Pomerium,PMG,pomerium-ecosystem-token
BADMAD ROBOTS,METAL,drunk-robots
Ben the Dog,BENDOG,ben-the-dog
HELLO Labs,HELLO,hello-labs
Dvision Network,DVI,dvision-network
BreederDAO,BREED,breederdao
Splintershards,SPS,splintershards
UFO Gaming,UFO,ufo-gaming
GameGPT,DUEL,duel
Devve,DEVVE,devve
Cross The Ages,CTA,cross-the-ages
Saito,SAITO,saito
Octokn,OTK,octo-gaming
CateCoin,CATE,catecoin
Metacade,MCADE,metacade
Bag.win,BAG,bag-coin
Adshares,ADS,adshares
Efinity Token,EFI,efinity
NFT Worlds,WRLD,nft-worlds
Step App,FITFI,step-app
YooShi,YOOSHI,yooshi
KOMPETE,KOMPETE,kompete
Doge Dash,DOGEDASH,doge-dash
GAM3S.GG,G3,gam3s-gg
Farcana,FAR,farcana
QORPO WORLD,QORPO,qorpo
Phantasma,SOUL,phantasma
PlayZap,PZP,playzap
UNKJD,MBS,unkjd
Crypton,CRP,utopia
GameZone,GZONE,gamezone
BLOCKLORDS,LRDS,blocklords
MetaTrace,TRC,metatrace
Astrafer,ASTRAFER,astrafer
Pikamoon,PIKA,pikamoon-pika
PLAYA3ULL GAMES,3ULL,playa3ull
Netvrk,NETVR,netvrk
Akita Inu,AKITA,akita-inu
REVV,REVV,revv
Genopets,GENE,genopets
EPIK Prime,EPIK,epik-prime
ISKRA Token,ISK,iskra
Shrapnel,SHRAP,shrapnel-com
Hoge Finance,HOGE,hoge-finance
GameSwift,GSWIFT,gameswift
Decimated,DIO,decimated
PLANET,PLANET,planettoken
Catboy,CATBOY,cat-boy
BlockGames,BLOCK,blockgames
MagicCraft,MCRT,magiccraft
Lotto,LOTTO,lotto
SENATE,SENATE,senate
Medieval Empires,MEE,medieval-empires
Gameswap,GSWAP,gameswap
Smart Layer Network,SLN,smart-layer-network
Dark Frontiers,DARK,dark-frontiers
DeFi Land,DFL,defi-land
BRN Metaverse,BRN,brn-metaverse
Orbofi AI,OBI,orbofi-ai
Sinverse,SIN,sincity-token
YOM,YOM,your-open-metaverse
Wownero,WOW,wownero
BloodLoop,BLS,bloodloop
TOWER,TOWER,tower-token
Dypius [New],DYP,defi-yield-protocol-v2
Reality Metaverse,RMV,reality-metaverse
Reboot,GG,reboot
Bubble,BUBBLE,bubble-imaginaryones
Thetan World,THG,thetan-arena
Exeedme,XED,exeedme
DeHub,DHB,dehub
Gamestarter,GAME,gamestarter
Blink Galaxy,GQ,outer-ring-mmo-gq
Xaya,CHI,xaya
Unikoin Gold,UKG,unikoin-gold
DOGAMÍ,DOGA,dogami
Medacoin,MEDA,medacoin
BabySwap,BABY,babyswap
Morra,MORRA,morra
Affyn,FYN,affyn
Vidya,VIDYA,vidya
ZooKeeper,ZOO,zookeeper
holoride,RIDE,holoride
My DeFi Pet,DPET,my-defi-pet
MetalCore,MCG,metalcore
Aether Games,AEG,aethergames
Decentrawood,DEOD,decentrawood
Wombat Web 3 Gaming Platform,WOMBAT,wombat-web-3-gaming-platform
DinoLFG,DINO,dinolfg
Battle World,BWO,battle-world
X World Games,XWG,x-world-games
LandRocker,LRT,landrocker
WAM,WAM,wam-app
Dotmoovs,MOOV,dotmoovs
MARS4,MARS4,mars4
Rebel Bots,RBLS,rebel-bots
Cryowar,CWAR,cryowar
Revomon,REVO,revomon
Veloce,VEXT,veloce-vext
Crypto Unicorns,CU,crypto-unicorns
FEAR,FEAR,fear-nfts
Monsta Infinite,MONI,monsta-infinite
Niftyx Protocol,SHROOM,niftyx-protocol
VisionGame,VISION,vision-game
ChainGuardians,CGG,chain-guardians
GuildFi,GF,guildfi
Wall Street Games (old),WSG,wall-street-games
Fabwelt,WELT,fabwelt
NFTb,NFTB,nftb
Exverse,EXVG,exverse
Heroes Chained,HEC,heroes-chained
Rainbow Token,RBW,rainbowtoken
SafeMoon Inu,SMI,safemoon-inu
Planet Mojo,MOJO,planet-mojo
IQeon,IQN,iqeon
Sekuya Multiverse,SKYA,sekuya-multiverse
MobileGo,MGO,mobilego
Captain Tsubasa,TSUGT,captain-tsubasa
Databits,DTB,databits
OneRare Foodverse,ORARE,onerare
Clash Token,SCT,clash-token
Binamon,BMON,binamon
XCarnival,XCV,xcarnival
Eldarune,ELDA,eldarune
Wall Street Games,WSG,wall-street-games-new
Unix Gaming,UNIX,unix-gaming
Blockchain Monster Hunt,BCMC,blockchain-monster-hunt
Elemon,ELMON,elemon
Icon.X World,ICNX,icon-x-world
STARSHIP,STARSHIP,starship
Meme Alliance,MMA,meme-alliance
Castle of Blackwater,COBE,castle-of-blackwater
Kingdomverse,KING,kingdomverse
Vanilla Network,VNLA,vanilla-network
Wrapped Origin Axie,WOA,wrapped-origin-axie
Dreams Quest,DREAMS,dreams-quest
The Unfettered Ecosystem,SOULS,the-unfettered
Magical Blocks,MBLK,magical-blocks
Kaby Arena,KABY,kaby-arena
Legends of Elysium,LOE,legends-of-elysium
Protocol Monsters,PMON,polkamon
Revolve Games,RPG,revolve-games
Artisse,CATHEON,catheon-gaming
Playermon,PYM,playermon
ugChain,UGC,ugchain
Token IN,TIN,token-in
Royale Finance,ROYA,royale-finance
RealFevr,FEVR,realfevr
Monsterra (MSTR),MSTR,monsterra
SHILL Token,SHILL,project-seed
BullBear AI,AIBB,bullbear-ai
Nemesis Downfall,ND,nemesis-downfall
Mars Token,MRST,mars-token
Kryptomon,KMON,kryptomon
MetaFighter,MF,metafighter
Wizardia,WZRD,wizardia
Forest Knight,KNIGHT,forest-knight
The QWAN,QWAN,the-qwan
Chain of Legends,CLEG,chain-of-legends
Ninneko,NINO,ninneko
CryptoBlades,SKILL,cryptoblades
Mist,MIST,mist
Crabada,CRA,crabada
Binemon,BIN,binemon
POLKER,PKR,polker
DFSocial Gaming [old],DFSOCIAL,defisocial-gaming
Wrapped Gen-0 CryptoKitties,WG0,wrapped-gen-0-cryptokitties
FaraLand,FARA,faraland
ASPO World,ASPO,aspo-world
CryptoTycoon,CTT,cryptotycoon
My Master War,MAT,my-master-war
Carbon,CARBON,carbon
Dawn Protocol,DAWN,dawn-protocol
RaceFi,RACEFI,racefi
HEROcoin,PLAY,herocoin
GameCredits,GAME,gamecredits
Defina Finance,FINA,defina-finance
Refereum,RFR,refereum
Gunstar Metaverse,GSTS,gunstar-metaverse
DOSE,DOSE,dose
The Crypto Prophecies,TCP,the-crypto-prophecies
Elpis Battle,EBA,elpis-battle
Mochi Market,MOMA,mochi-market
Refinable,FINE,refinable
PolkaWar,PWAR,polkawar
The HUSL,HUSL,the-husl
ROCKI,ROCKI,rocki
Genesis Worlds,GENESIS,genesis-worlds
Nexium,NXC,nexium
TheForce Trade,FOC,theforce-trade
SolChicks Token,CHICKS,solchicks-token
Bowled.io,BWLD,bowled
MicroPets (OLD),PETS,micropets
IQ Protocol,IQT,iq-protocol
EtherSportz,ESZ,ethersportz
COGI,COGI,9d-nft
Crypto Sports Network,CSPN,crypto-sports
DinoX,DNXC,dinox
DFSocial Gaming,DFSG,defisocial-gaming-new
AirNFTs,AIRT,airnfts
MMOCoin,MMO,mmocoin
Crypto Kombat,KOMBAT,crypto-kombat
BetU,BETU,betu
DeFi Degen Land,DDL,defi-degen-land
CryptoTanks,TANK,cryptotanks
GamyFi Platform,GFX,gamyfi-platform
BEMIL Coin,BEM,bemil-coin
Rune,RUNE,rune
StarTerra,STT,starterra
MetaShooter,MHUNT,metashooter
Nitro,NOX,nitro
Twinci,TWIN,twinci
Era Token (Era7),ERA,era-token
Step Hero,HERO,step-hero
Bitspawn,SPWN,bitspawn-protocol
Warena,RENA,warena
Cryptopolis,CPO,cryptopolis
HeroFi,HEROEGG,herofi
Crypto Piece,BELLY,crypto-piece
HeroFi (ROFI),ROFI,rofi
FOTA - Fight Of The Ages,FOTA,fota
Avaxtars Token,AVXT,avaxtars
RUSH COIN,RUSH,rush-coin
CryptoPlanes,CPAN,cryptoplanes
Dracula Token,DRC,dracula-token
Nomad Exiles,PRIDE,nomad-exiles
Citizen Finance V2,CIFI,citizen-finance-v2
C2X,CTX,c2x
Etherpets,EPETS,etherpets
Web3Games.com,WGT,web3games
Dope Wars Paper,PAPER,dope-wars-paper
Unagi Token,UNA,unagi-token
Snook,SNK,snook
Berry,BERRY,pixels-berry
Pearl,PEARL,crypto-bay
Dynasty Wars,DWARS,dynasty-wars
Taroverse,TARO,taroverse
SPONGE,SPONGE,sponge-token
Memefi Toybox 404,TOYBOX,memefi-toybox-404
Samurai Legends,SMG,samurai-legends
Meme Lordz [OLD],$LORDZ,meme-lordz
REAKTOR,RKR,reaktor
Bountie Hunter,BOUNTIE,bountie
ELLERIUM (NEW),ELM,ellerium-new
Realm,REALM,realm
Anima Spirit Gem,ASG,nekoverse-city-of-greed-anima-spirit-gem
ECOMI,OMI,ecomi-new
Okex Fly,OKFLY,okex-fly
Altered State Token,ASTO,altered-state-token
HiFi Gaming Society,HIFI,hifi-gaming-society
Metahorse Unity,MUNITY,metahorse-unity
Vulcano,VULC,vulcano
Forgotten Playland,FP,forgotten-playland
Aavegotchi FOMO,FOMO,aavegotchi-fomo
Golden Zen Token,GZT,golden-zen-token
Warped Games,WARPED,warped-games
Basescape,SCAPE,basescape
Doge Universe,SPACEXDOGE,doge-universe
Nirvana,VANA,nirvana
Heroes & Empires,HE,heroes-and-empires
Memes vs Undead,MVU,memes-vs-undead
FolkWarriors,FOLK,folkwarriors
Aradena,AG,aradena
HeroVerse,HER,heroverse
Derby Stars,DSRUN,derby-stars
Step Hero Soul,STEP,step-hero-step
Medamon,MON,medamon
Hero Arena,HERA,hero-arena
Devomon,EVO,devomon
BladeWarrior,BLADE,bladewarrior
GrapeCoin,GRAPE,grapecoin
GnomeLand,GNOME,gnomeland
Bitcoin Cats,1CAT,bitcoin-cats
Tongochi,PET,tongochi
Meme Kombat,MK,meme-kombat
Meta Spatial,SPAT,meta-spatial
Matthew Box 404,MB4,project-matthew
Gem Guardian,GEMG,gemguardian
Avaxtars Token,AVXT,avaxtars-token
xPET tech,XPET,xpet-tech
Raini Studios Token,RST,raini-studios-token
Undead Blocks,UNDEAD,undead-blocks
X Protocol,POT,x-protocol
Xtremeverse,XTREME,xtremeverse
Block Farm Club,BFC,block-farm
Revenant,GAMEFI,revenant
Besa Gaming,BESA,besa-gaming
Snail Trail,SLIME,snail-trail
TryHards,TRYHARDS,tryhards
xPET tech BPET,BPET,bpet
Outlanders,LAND,outlanders
Capverse,CAP,capverse
Gambit,GAMBIT,gambit-game
SPACE SIP,SIP,space-sip
CASHCAB,CAB,cashcab
Two Lands,LANDS,two-lands
Gaming-T-Bot,GTBOT,gaming-t-bot
Puff The Dragon,PUFF,puff-the-dragon
WonderHero,WND,wonderhero
PanoVerse,PANO,panoverse
Ozone Metaverse,OZONE,ozone-metaverse
Dogecoin,DOGE,dogecoin
Shiba Inu,SHIB,shiba-inu
Pepe,PEPE,pepe
dogwifhat,WIF,dogwifhat
FLOKI,FLOKI,floki-inu
Brett (Based),BRETT,based-brett
Popcat (SOL),POPCAT,popcat-sol
DOGS,DOGS,dogs
BOOK OF MEME,BOME,book-of-meme
cat in a dogs world,MEW,mew
First Neiro On Ethereum,NEIRO,first-neiro-on-ethereum
Baby Doge Coin,BabyDoge,baby-doge-coin
Mog Coin,MOG,mog-coin
SUNDOG,SUNDOG,sundog
Turbo,TURBO,turbo
PepeCoin,PEPECOIN,pepecoin
Memecoin,MEME,meme
Simon's Cat,CAT,simonscat
Dog (Runes),DOG,dog-go-to-the-moon-rune
Osaka Protocol,OSAK,osaka-protocol
Ponke,PONKE,ponke
Gigachad,GIGA,gigachad-meme
Non-Playable Coin,NPC,non-playable-coin
Coq Inu,COQ,coq-inu
BOBO,BOBO,bobo-coin
Bone ShibaSwap,BONE,bone-shibaswap
MAGA,TRUMP,maga
HarryPotterObamaSonic10Inu (ERC-20),BITCOIN,harrypotterobamasonic10inu-eth
Apu Apustaja,APU,apu-apustaja
SLERF,SLERF,slerf
Mumu the Bull,MUMU,mumu-ing
Neiro Ethereum,NEIRO,neiro-eth
PepeFork,PORK,pepefork
Dogelon Mars,ELON,dogelon
Myro,MYRO,myro
ANDY (ETH),ANDY,boysclubandy
Milady Meme Coin,LADYS,milady-meme-coin
michi (SOL),$MICHI,michi
ShibaBitcoin,SHIBTC,shibabitcoin
Mother Iggy,MOTHER,mother-iggy
TokenFi,TOKEN,tokenfi
Kendu Inu,KENDU,kendu-inu
Amaterasu Omikami,OMIKAMI,amaterasu-omikami
MANEKI,MANEKI,maneki-coin
PeiPei (ETH),PEIPEI,peipei-coin
ArbDoge AI,AIDOGE,arbdoge-ai
Snek,SNEK,snek
Daddy Tate,DADDY,daddy-tate
Degen,DEGEN,degen-base
Toshi,TOSHI,toshithecat
RETARDIO,RETARDIO,retardio
SPX6900,SPX,spx6900
MAGA,MAGA,maga-ethereum
RichQUACK.com,QUACK,richquack-com
crow with knife,CAW,crow-with-knife
Pepe Cash,PEPECASH,pepe-cash
Hoppy,HOPPY,hoppy-coin
Grok,GROK,grok-erc
FEED EVERY GORILLA,FEG,feed-every-gorilla
Kishu Inu,KISHU,kishu-inu
GameStop,GME,gme
Samoyedcoin,SAMO,samoyedcoin
catwifhat,CWIF,catwifhatsolana
PUPS (Ordinals),PUPS,pups-ordinals
Ginnan The Cat,GINNAN,ginnan-the-cat
Billy,BILLY,billy
8-Bit Coin,COIN,mario-coin
Foxsy AI,FOXSY,foxsy-ai
MonaCoin,MONA,monacoin
MUNCAT,MUNCAT,muncat
LandWolf (SOL),WOLF,landwolf-sol
Smog,SMOG,smog
Invest Zone,IVfun,invest-zone
Basenji,BENJI,basenjibase
Troll,TROLL,troll-new
Hege,HEGE,hege
Wrapped Dog,WDOG,wrapped-dog
Pitbull,PIT,pitbull
Katana Inu,KATA,katana-inu
Pepe 2.0,PEPE2.0,pepe-2-0
SAD HAMSTER,HAMMY,sad-hamster
Ben the Dog,BENDOG,ben-the-dog
PAW,PAW,pawswap
Shark Cat,SC,shark-cat
Jesus Coin,JESUS,jesus-toys
DUKO,DUKO,duko
Brainlet,BRAINLET,brainlet
Slothana,SLOTH,slothana
LOBO•THE•WOLF•PUP,LOBO,lobo-the-wolf-pup
nubcat,NUB,nubcat
Vita Inu,VINU,vita-inu
Super Trump Coin,STRUMP,super-trump-io
Nya,NYA,nya
CateCoin,CATE,catecoin
Doge Eat Doge,OMNOM,doge-eat-doge
Mochi (New),MOCHI,mochi-the-catcoin-new
Pikaboss,PIKA,pikachu
CatDog,CATDOG,catdog-io
Starlink,STARL,star-link
BobaCat,PSPS,bobacat
Solama,SOLAMA,solama
POOH,POOH,pooh
Rain Coin,RAIN,rain-coin
Doge Dash,DOGEDASH,doge-dash
Dogechain,DC,dogechain
Hemule,HEMULE,hemule
monkey shit inu,MSI,monkey-shit-inu
Baby Bonk,BABYBONK,baby-bonk-coin
MongCoin,$MONG,mongcoin
Bad Idea AI,BAD,bad-idea-ai
Wall Street Memes,WSM,wall-street-memes
Akita Inu,AKITA,akita-inu
Optimus AI,OPTI,optimus-ai
Department Of Government Efficiency (dogegov.com),DOGE,department-of-government-efficiency-token
CATAMOTO,CATA,catamoto-cat
Fofar (fofar.meme),FOFAR,fofar-tron
Shina Inu,SHI,shina-inu
Banano,BAN,banano
Dejitaru Tsuka,TSUKA,dejitaru-tsuka
Hoge Finance,HOGE,hoge-finance
Neiro (neiro.lol),NEIRO,neiro-sol-2
BEFE,BEFE,befe
DogeBonk,DOBO,dogebonk
Moutai,MOUTAI,moutai
Windoge98,EXE,windoge98
CumRocket,CUMMIES,cumrocket
KiboShib,KIBSHI,kiboshib
The First Youtube Cat,PAJAMAS,the-first-youtube-cat
Shiba Predator,QOM,shiba-predator
Byte,BYTE,byte
Real Smurf Cat,SMURFCAT,real-smurf-cat-eth
Milady Wif Hat,LADYF,milady-wif-hat
Povel Durev,DUREV,povel-durev
Crash,CRASH,crash-on-base
Chickencoin,CHKN,chickencoin
Wat,WAT,wat
Cheems,CHEEMS,cheems
Elon MemeLord,ELON,elon0x69420
Coconut Chicken,CCC,coconut-chicken
Wownero,WOW,wownero
HUND,HUND,hund-meme-coin
analoS,ANALOS,analos
ETHEREUM IS GOOD,EBULL,ethereum-is-good
TORSY,torsy,torsy
Hosky Token,HOSKY,hosky-token
Success Kid,SKID,success-kid-sol
Andy on SOL,ANDY,andy-on-sol
MAGA VP,MVP,maga-vp
neversol,NEVER,neversol
BILL THE BEAR,BILL,bill-the-bear
K9 Finance,KNINE,k9-finance
Baby Trump (BSC),BABYTRUMP,baby-trump-bnb
HAMI,HAMI,hami
Roost Coin,ROOST,roost-coin
Fuku-Kun,FUKU,fuku-kun
DinoLFG,DINO,dinolfg
Powsche,POWSCHE,powsche
Tamadoge,TAMA,tamadoge
Moby,MOBY,mobyonbase
Honk,HONK,honk
Gecko Inu,GEC,gecko-inu
YOUNES,YOUNES,younes
Meme Ai,MEMEAI,meme-ai-token
BABYTRUMP,BABYTRUMP,babytrump
Boss Token,BOSS,boss-token
BOZO,BOZO,bozo
Gary Banking,GB,gary-banking
Sheboshis,SHEB,sheb
UTYABSWAP,UTYAB,utya-black
MintMe.com Coin,MINTME,mintme-com-coin
Hawk Tuah,HAWKTUAH,hawk-tuah
Carlo,CARLO,carlo
ELMOERC,ELMO,elmoerc
Dogey-Inu,DINU,dogey-inu
Dingocoin,DINGO,dingocoin
Long,LONG,long-fun
CatSolHat,SOLCAT,catsolhat
King Shiba,KINGSHIB,king-shiba
Trog,TROG,trog
KittenWifHat,KITTENWIF,kittenwifhat
DeFrogs,DEFROGS,defrogs
Wiggly Willy,WIWI,wiggly-willy
sunpepe,SUNPEPE,sunpepe
MeowCat,MEOW,meowcat-xyz
DOGGY,DOGGY,doggy
Pepoclown,HONK,pepoclown
Green Shiba Inu [New],GINUX,green-shiba-inu-new
Baby,BABY,baby-sol
Pussy Financial,PUSSY,pussy-financial
KEK,KEKE,kek
What's Updog,UPDOG,whats-updog
SafeMoon Inu,SMI,safemoon-inu
catgirl,CATGIRL,catgirl
The Dons,DONS,the-dons
Soyjak,SOY,soyjak
WOOF,WOOF,woof
DOGWIFHOOD,WIF,dogwifhood
Eggdog,EGG,eggdog
REKT,$REKT,rektcoin-new
Loser Coin,LOWB,loser-coin
ROD.AI,RODAI,rod-ai
FOMO BULL CLUB,FOMO,fomo-bull-club
Cat Token,CAT,cat-token
BULLS,BULLS,bulls-meme
Rotten,ROT,rotten
WaifuAI,WFAI,waifuai
Shib Original Vision,SOV,shib-original-vision
Bruh,BRUH,bruh-eth
Papu Token,PAPU,papu-token
DOGEFI,DOGEFI,dogefi
Nutcoin,NUT,nutcoin-org
HarryPotterObamaPacMan8Inu,XRP,harrypotterobamapacman8inu
Papi,PAPI,papi
X,X,xerc20-pro
BullBear AI,AIBB,bullbear-ai
YAWN [Old],$YAWN,yawn
SHIBAVAX,SHIBX,shibavax
Oggy Inu (BSC),OGGY,oggy-inu
Oggy Inu (ETH),OGGY,oggy-inu-eth
Donkey King,DOKY,donkey-king
Make America Based Again,MABA,make-america-based-again
SAITAMA INU,SAITAMA,saitama-eth
Caitlyn Jenner (ETH),JENNER,caitlyn-jenner-eth
Solzilla,SOLZILLA,solzilla
Kangal,KANGAL,kangal
DOGEMOB,DOGEMOB,dogemob
Based Shiba Inu,BSHIB,based-shiba-inu
CZ THE GOAT,CZGOAT,cz-the-goat
KING,KING,king
SNOOPYBABE,SBABE,snoopybabe
NeverSurrenderOne's,NSO,neversurrenderones
Nvidia Inu,NINU,nvidia-inu
PengyOS,POS,pengy
Dogy,DOGY,dogy
Dragonball Z Tribute,DBZ,dragonball-z-tribute
Godcat Exploding Kittens,GODCAT,godcatexplodingkittens
Bufficorn,BUFFI,bufficorn
MAGE,MAGE,mage
Tate Stop,TME,tate-stop
404Aliens,404A,404aliens
MU DANK,DANK,mu-dank
HairyPlotterFTX,FTX,hairyplotterftx
SOHOTRN,SOHOT,sohotrn
Tendies,TEND,tendies
Dogeparty,XDP,dogeparty
CryptoPirates,OGMF,cryptopirates
Catman,CATMAN,catman
Samusky,SAMU,samusky
Hawk Tuah,HAWK,hawktuuuah
Dogs Of Elon,DOE,dogs-of-elon
Dogeswap,DOGES,dogeswap
Baguette Token,BGTT,baguette-token
Meme Cup,MEMECUP,meme-cup
Wrapped Dogecoin,WDOGE,wrapped-dogecoin
HODL,HODL,hodl
Jeo Boden,BODEN,jeo-boden
TORAH Token,TORAH,torah-token
pepewifhat,PWH,pepewifhat-sol
YourMom,MOM,yourmom
WHISKEY,WHISKEY,whiskey
Spix,SPX,spix
MarioCoin,MARIO,mariocoin
Chinese Doge Wow,$CHIDO,chinese-doge-wow
ハチ公,HACHIKO,hachiko-erc
Mr Potato Token,$MRPOTATO,mr-potato-token
Basetama,BTAMA,basetama
Smidge,SMIDGE,smidge-token
JeromeAndGary,JARY,jeromeandgary
Ponzi Inu,PINU,ponzi-inu
Dogey,DOGEY,dogey
Dork Lord,DORKY,dorklordeth
SibaInu,SIBA,sibainu
Black Sale,BLACKSALE,black-sale
TRUMP INU,TRUMP INU,trump-inu-coin
pre,PRE,pre
Blyat.Beer,BYT,blyat-beer
Take America Back,USA,take-america-back
Floki VS Pepe,FLEPE,floki-vs-pepe
BONFIRE,BONFIRE,bonfire-token
Hachi On Base,HACHI,hachi-on-base
Sigma Pepe,SPEPE,sigma-pepe
KAI KEN,KAI,kai-ken
PepeFloki,PEPEFLOKI,pepe-floki-meme
Da Pinchi,$PINCHI,da-pinchi
Mr Pepe,$PEPE,mr-pepe
MELLSTROY,MELLSTROY,mellstroy
Pepe Rew,PEPEREW,pepe-rew
GnomeLand,GNOME,gnomeland
ZAZA,ZAZA,zaza
LOAF CAT,LOAF,loaf-cat
World,WORLD,world-token-erc
Lacostoken,LCSN,lacostoken
Skulls of Pepe Token,SKOP,skulls-of-pepe-token
MAGA,TRUMP,maga-trump-me
POPO The GENIE,POPO,popo-the-genie
SOL ETF,SOLETF,sol-etf
Silly Duck,DUCK,silly-duck
PepeSquad,PEPESQ,pepesquad
Doland Tremp,TREMP,doland-tremp
Flappy,$FLAPPY,therealflappy
Spider Coin,SPIDERCOIN,spider-coin
BULL,BULL,bull
DOGE LEGION,DOGE LEGION,doge-legion
THE BIG LEZ SHOW,BIGLEZ,the-big-lez-show
HONGKONG INU,HONG,hongkong-inu
daCat,DACAT,dacat
Mad Penguin,MAD,mad-penguin
BOOM coin,BOOM,boom-eth
Doggensnout Skeptic,DOGS,doggensnout-skeptic
JOKER,JOKER,joker-token
Manga,MANGA,manga-eth
OG Mickey,MICKEY,og-mickey
Danjuan Cat,CAT,danjuan-cat
SOHA Global,SOHA,soha-global
THE BIG DEBATE,TBD,the-big-debate
MYRO DRAGON,MYRODRAGON,myro-dragon
Simpson Family,SMF,simpson-family
Hunter Fail,HUNTER,hunter-fail
Michi,MICHI,michi-bsc
Dummy,DUMMY,dummy
Tremp,TREMP,tremp
COFFEE,$COFEEE,coffee
Honey Badger,HUGO,honey-badger-hugo
Marvin on Base,MOB,marvin-on-base
Wolf Wif,BALLZ,wolf-wif
MortyPad,MORTYPAD,mortypad
Luna28,$LUNA,luna28
SheiShei,SHEI,sheishei
DeltaCoin,DELTA,deltacoin
CATERPILLAR,CPL,caterpillar
MUSK MEME,MUSKMEME,musk-meme
elizabath whoren,WHOREN,elizabath-whoren
Wolfy Inu,WOLFY,wolfy-inu
Meme Man,MAN,mememan-erc
DogGPT,DOGGPT,doggpt
Doogle,DOOGLE,doogle
MEGAHERO,MEGAHERO,megahero
Ben's Finale,FINALE,bens-finale
Lyra,LYRA,lyra-sol
Peplo Escobar,PEPLO,peplo-escobar
flokiwifhat,FIF,flokiwifhat
TURTUGA,TURTUGA,turtuga
RUTH,RUTH,ruth
TUCKER CARLSON,TUCKER,tucker-carlson
UNISWAPCommunitySystem888,UNISWAP,uniswapcommunitysystem888
Solnic,SOLNIC,solnic
BabyPepeFi,BABYPEPE,babypepefi
Fofar (fofarbase.org),FOFAR,fofarbase
ChadGPT,CHADGPT,chadgpt-cash
Baby Jerry,BABYJERRY,baby-jerry
REDZILLA COIN,REDZILLA,redzilla-coin
Pepe AI,PEPEAI,pepe-ai-biz
FF6000,FF6000,ff6000
BERNIE SENDERS,BERNIE,bernie-senders
Baby Mickey,BMICKEY,baby-mickey
Shifu,SHIFU,shifu
Phauntem,PHAUNTEM,phauntem
wat,WAT,wat-bnb
EGG SOL,EGG,egg
Fossa Token,FOSSA,fossa-token
PUNGU,PUNGU,pungu
Myro Dog,MYROO,myro-dog
President Robert F. Kennedy Jr,RFK,president-robert-f-kennedy-jr
CHURRO-The Jupiter Dog,CHURRO,churro-the-jupiter-dog
BASE CAT,BASECAT,base-cat
JEDI Coin,JEDI,jedi-coin
Baby Rats,BABYRATS,baby-rats
MAGA,TRUMP,trump-financial
PEME,PEME,peme
Anubilix,ABX,anubilix
Taylor Swift,SWIFTIES,taylor-swift
Jason Derulo,JASON,jason-derulo
INU,INU,ryoshi-inu
bicho,BICHO,bicho
Snoopy,SNOOPY,snoopy
BabyBunny,$BABYBUNNY,babybunny
Burnsdefi,BURNS,burnsdefi
PeiPei 2.0,PEIPEI2.0,peipei-2-0
Olaf Token,OT,olaf-token
Chimpzee,CHMPZ,chimpzee
Randall,SNITCH,randall
John Xina,$XINA,john-xina
Baby Maga,BABYMAGA,baby-maga-2
Hachiko,HACHI,hachiko-run
6 Pack Rick,6PR,6-pack-rick
TRUMP2024,TRUMP2024,trump2024
Gentleman,MAN,gentlemanonton
Bubu,BUBU,bubu
SUPER PEPE,PEPE,super-pepe
Uranus (SOL),ANUS,uranus-sol
American Coin,USA,american-coin
Babylon Bee,BEE,babylon-bee
LICKGOAT,LICK,lickgoat
LumiChill,CHILL,lumichill
Mewtwo Inu,MINU,mewtwo-inu-io
Peng,PENG,peng-sol
SEC,SEC,sec
BlackRock,BLACKROCK,blackrock
Wynn,WYNN,wynn
Wanted,WANTED,wanted
Son of Brett,BRATT,son-of-brett
Johnny The Bull,JOHNNY,johnny-the-bull
BOBO,BOBO,bobo-bear
Molly,MOLLY,mollycoin
HowInu,HOW,howinu
TangYuan,TANGYUAN,tangyuan
MeowMeowGirl,MMGIRL,meowmeowgirl
Fox,FOX,fox
FREN,FREN,fren-ada-peepos
BabyBNB,BABYBNB,babybnb-baby
Mona,MONA,mona-origin
Pacman Blastoff,PACM,pacman-blastoff
0xTracker,0XT,0xtracker
Baby Honk,BABYHONK,baby-honk
Big Bud,BUD,big-bud
PVC Meta,PVC,pvc-meta
Sealwifhat,SI,sealwifhat
You Looked,CIRCLE,you-looked
Mario Inu BSC,MARIO,mario-inu-bsc
babydogwifhat,BABYWIF,babydogwifhat
Everybody Holds,HOLD,everybody-holds
XI JINPOOH,JINPOOH,xi-jinpooh
Miu,MIU,miuonsol
The Beatles Token Official,BEATLES,the-beatles-token-official
Independence Token,RFKJ,independence-token
Meow Meow Coin,MEOW,miaomiaomiaoerc20
BONK INU,BONKINU,bonk-inu-bsc
Nailong,NAI,nailong
The OG Cheems Inu,OGCINU,the-og-cheems-inu
HONK,HONK,honk-bsc
The Inu,INU,the-inu
Roaring Kitty,ROAR,og-roaring-kitty
Dr. Livesey,LIVESEY,dr-livesey
ApeWifHat,APEWIFHAT,apewifhat
QinsMoon,QSM,qinsmoon
DOGGY,DOGGY,doggycoin-vip
Boobatoken,BOOBA,boobatoken
Baby Toshi,BABYTOSHI,baby-toshi
Pouwifhat,POU,pouwifhat
American Shib,SHIBA,american-shib
IKUN MEMES,IKUN,ikun-memes
LONGTOTEM,LONG,longtotem
Beers,BEER,beers
Sun Tzu,TZU,sun-tzu
Gondola,GONDOLA,gondola
Mickey Mouse,MICKEY,mickey-mouse
SUPER DRAGON,DRAGON,super-dragon
Silly Goose,GOO,silly-goose
Don Jr.,$DONJR,don-jr
Steve,STEVE,steve-bsc
Baby Binance,BABYBINANCE,baby-binance
Dwarfy,$DWARFY,dwarfy
BabySafuuGO,BBSGO,babysafuugo
Pou,POU,pou
FarLaunch,FAR,farlaunch
BenPysopLoyalFinaleFF6000Inu,MILKIT,benpysoployalfinaleff6000inu
Max,MAX,maxmeerk
Pepe Wif Hat,PIF,pepe-wif-hat
KokanKano,KOKAN,kokankano
jeffry,JEFFRY,jeffry-lol
Baby Pepe Fork,BABYPORK,baby-pepe-fork
Catch a Jeet,CATCH,catch-a-jeet
Junior,JUNIOR,junioronavax
King Trump,KINGTRUMP,king-trump
BABYTRUMP,BABYTRUMP,babytrumptoken-vip
Habibti,BIBTI,habibti
FLOKITA,FLOKITA,flokita
ON GOD,ONG,on-god
Zuzalu Inu,ZUZALU,zuzalu-inu
Towelie,TOWELI,towelie-wtf
Ducker,DUCKER,ducker
Pigeon In Yellow Boots,PIGEON,pigeon-in-yellow-boots
Purple Pepe,$PURPE,purple-pepe
PepeFork2.0,PORK2.0,pepefork2-0
GARY,GARY,garycoin
Matt Furie's Mellow Man,MELLOW,matt-furies-mellow-man
Sora Doge,SORADOGE,sora-doge
Tuzki,TUZKI,tuzkibnb
Mini Donald,BARRON,mini-donald
BumbleBee,BEE,bumblebee
Shin Chan,SHIN,shin-chan
LONGFU,LONGFU,longfu
Pepenator,NATOR,pepenator
PEPEARMY,PEPEARMY,pepearmy
BANKSY,BANKSY,banksy-fyi
HE-MAN,HE-MAN,he-man
Doomer,DOOM,doomer
LANDLORD RONALD,$LANDLORD,landlord-ronald
Girlfriend,$GF,girlfriend
bozoHYBRID,BOZO,bozohybrid
PEPI,PEPI,pepi-meme
Fofar (fofar.tech),FOFAR,fofar-tech
Pepegod,PEPEGOD,pepegod
Bamboo on Base,BAMBOO,bamboo-on-base
Base God,TYBG,base-god
Jonny Five,JFIVE,jonny-five
Beast,BEAST,beast-eth
Avalanche,AVAX,avalanche
Chainlink,LINK,chainlink
VeChain,VET,vechain
Maker,MKR,maker
MANTRA,OM,mantra
Quant,QNT,quant
Ondo,ONDO,ondo-finance
Synthetix,SNX,synthetix
IOTA,IOTA,iota
XDC Network,XDC,xdc-network
Axelar,AXL,axelar
Reserve Rights,RSR,reserve-rights
OriginTrail,TRAC,origintrail
Polymesh,POLYX,polymesh
Centrifuge,CFG,centrifuge
Chromia,CHR,chromia
Chia,XCH,chia-network
Ozone Chain,OZO,ozone-chain
Chintai,CHEX,chex-token
Lisk,LSK,lisk
TrueFi,TRU,truefi-token
Venus,XVS,venus
Propy,PRO,propy
Dusk,DUSK,dusk
Maple,MPL,maple
Polyhedra Network,ZKJ,polyhedra-network
Clearpool,CPOOL,clearpool
Oraichain,ORAI,oraichain-token
Goldfinch,GFI,goldfinch-protocol
Hifi Finance,HIFI,hifi-finance
LTO Network,LTO,lto-network
TokenFi,TOKEN,tokenfi
Alkimi,ADS,alkimi
ORIGYN,OGY,origyn-foundation
Ribbon Finance,RBN,ribbon-finance
Polymath,POLY,polymath-network
Artrade,ATR,artrade
Boson Protocol,BOSON,boson-protocol
Propbase,PROPS,propbase
StrikeX,STRX,strikecoin
Parcl,PRCL,parcl
Swarm Markets,SMT,swarm-markets
Propchain,PROPC,propchain
Nexera,NXRA,allianceblock-nexera
Polytrade,TRADE,polytrade
ELYSIA,EL,elysia
Opulous,OPUL,opulous
Electra Protocol,XEP,electra-protocol
Brickken,BKN,brickken
Comtech Gold,CGO,comtech-gold
Lumerin,LMR,lumerin
Credefi,CREDI,credefi
Hathor,HTR,hathor
Soil,SOIL,soil
Blocksquare Token,BST,blocksquare-token
KlimaDAO,KLIMA,klimadao
Three Protocol Token,THREE,three-protocol-token
BytomDAO,BTM,bytom
TRVL,TRVL,trvl
Stobox Token,STBU,stobox-token
UBXS Token,UBXS,ubxs
Landshare,LAND,landshare
XDB CHAIN,XDB,xdbchain
PLANET,PLANET,planettoken
Everest,ID,everest
Cogito Finance,CGV,cogito-protocol
LandX Finance,LNDX,landx-finance
Carnomaly,CARR,carnomaly-new
MBD Financials,MBD,mbd-financials
Horizon Protocol,HZN,horizon-protocol
Veloce,VEXT,veloce-vext
3DPass,P3D,3dpass
Alvara Protocol,ALVA,alvara-protocol
ApeBond,ABOND,apebond
LABS Group,LABS,labs-group
Acquire.Fi,ACQ,acquire-fi
Ekta,EKTA,ekta
Wagon Network,WAG,wagon-network
Lucidao,LCD,lucidao
Viridis Network,VRD,viridis-network
NAOS Finance,NAOS,naos-finance
VaporFund,VPR,vaporwallet
Curio Gas Token,CGT,curio-governance
CANTO,CANTO,canto
Decentralized ETF,DETF,decentralized-etf
Domani Protocol,DEXTF,dextf-protocol
TMN Global,TMNG,tmn-global
IX Swap,IXS,ix-swap
LEOX,LEOX,galileo-protocol
Grand Base,GB,grand-base
Bluejay Finance,BLU,bluejay-finance
Tiamonds,TIA,tia
Angle,ANGLE,angle
Evrmore,EVR,evrmore
HOME3,HTS,home3
Poison Finance,POI$ON,poison
Defactor,FACTR,defactor
OUSG,OUSG,ondo-short-term-us-government-bond-fund
BilliCat,BCAT,polymoon
